<?xml version="1.0" encoding="UTF-8"?>
<ti:module xmlns:ti="http://ti.appcelerator.org" xmlns:android="http://schemas.android.com/apk/res/android">
	<!--
		Similar to tiapp.xml, but contains module/platform specific
		configuration in <iphone>, <android>, and <mobileweb> sections
	-->
	<iphone>
	</iphone>
	<android xmlns:android="http://schemas.android.com/apk/res/android">
		<manifest>
			<application>
				<meta-data android:name="com.google.android.gms.version"
                           android:value="@integer/google_play_services_version" />
			</application>
		</manifest>
	</android>
	<mobileweb>
	</mobileweb>
</ti:module>
